[{"fonts":[{"asset":"fonts/MaterialIcons-Regular.ttf"}],"family":"MaterialIcons"},{"family":"Raleway","fonts":[{"asset":"packages/flutter_gallery_assets/fonts/raleway/Raleway-Regular.ttf"},{"weight":500,"asset":"packages/flutter_gallery_assets/fonts/raleway/Raleway-Medium.ttf"},{"weight":600,"asset":"packages/flutter_gallery_assets/fonts/raleway/Raleway-SemiBold.ttf"}]},{"family":"AbrilFatface","fonts":[{"asset":"packages/flutter_gallery_assets/fonts/abrilfatface/AbrilFatface-Regular.ttf"}]},{"family":"GalleryIcons","fonts":[{"asset":"packages/flutter_gallery_assets/fonts/private/gallery_icons/GalleryIcons.ttf"}]},{"family":"GoogleSans","fonts":[{"weight":700,"style":"italic","asset":"packages/flutter_gallery_assets/fonts/private/googlesans/GoogleSans-BoldItalic.ttf"},{"weight":700,"asset":"packages/flutter_gallery_assets/fonts/private/googlesans/GoogleSans-Bold.ttf"},{"weight":400,"style":"italic","asset":"packages/flutter_gallery_assets/fonts/private/googlesans/GoogleSans-Italic.ttf"},{"weight":500,"style":"italic","asset":"packages/flutter_gallery_assets/fonts/private/googlesans/GoogleSans-MediumItalic.ttf"},{"weight":500,"asset":"packages/flutter_gallery_assets/fonts/private/googlesans/GoogleSans-Medium.ttf"},{"weight":400,"asset":"packages/flutter_gallery_assets/fonts/private/googlesans/GoogleSans-Regular.ttf"}]},{"family":"GoogleSansDisplay","fonts":[{"weight":700,"style":"italic","asset":"packages/flutter_gallery_assets/fonts/private/googlesans/GoogleSansDisplay-BoldItalic.ttf"},{"weight":700,"asset":"packages/flutter_gallery_assets/fonts/private/googlesans/GoogleSansDisplay-Bold.ttf"},{"weight":400,"style":"italic","asset":"packages/flutter_gallery_assets/fonts/private/googlesans/GoogleSansDisplay-Italic.ttf"},{"weight":500,"style":"italic","asset":"packages/flutter_gallery_assets/fonts/private/googlesans/GoogleSansDisplay-MediumItalic.ttf"},{"weight":500,"asset":"packages/flutter_gallery_assets/fonts/private/googlesans/GoogleSansDisplay-Medium.ttf"},{"weight":400,"asset":"packages/flutter_gallery_assets/fonts/private/googlesans/GoogleSansDisplay-Regular.ttf"}]},{"family":"LibreFranklin","fonts":[{"asset":"packages/flutter_gallery_assets/fonts/librefranklin/LibreFranklin-Bold.ttf"},{"asset":"packages/flutter_gallery_assets/fonts/librefranklin/LibreFranklin-Light.ttf"},{"asset":"packages/flutter_gallery_assets/fonts/librefranklin/LibreFranklin-Medium.ttf"},{"asset":"packages/flutter_gallery_assets/fonts/librefranklin/LibreFranklin-Regular.ttf"}]},{"family":"Merriweather","fonts":[{"asset":"packages/flutter_gallery_assets/fonts/merriweather/Merriweather-BlackItalic.ttf"},{"asset":"packages/flutter_gallery_assets/fonts/merriweather/Merriweather-Italic.ttf"},{"asset":"packages/flutter_gallery_assets/fonts/merriweather/Merriweather-Regular.ttf"},{"asset":"packages/flutter_gallery_assets/fonts/merriweather/Merriweather-Light.ttf"}]},{"family":"packages/cupertino_icons/CupertinoIcons","fonts":[{"asset":"packages/cupertino_icons/assets/CupertinoIcons.ttf"}]}]